speed,nebulosity,precipitation,temperature,ultraviolet,Year,Month,Day,Hour,Minute,Second
7,66,0,0,10,2002,12,27,10,38,32
19,90,1,37,0,2016,8,10,05,43,16
1,65,1,-30,6,2010,12,28,17,11,10
16,30,0,4,4,2009,5,13,00,31,39
4,94,0,20,1,2000,5,22,02,21,27
14,85,1,-18,6,2020,2,22,17,54,04
18,100,1,13,7,2017,5,24,08,45,35
13,94,1,-3,2,2011,4,18,03,42,35
2,99,0,25,10,2014,8,22,12,36,28
5,61,0,-2,3,2004,11,25,06,17,07
16,6,0,-5,15,2018,1,28,16,11,46
4,84,1,-28,7,2001,1,4,04,16,20
18,60,0,-17,7,2001,12,1,06,05,02
19,81,1,18,4,2018,5,9,12,45,18
23,80,1,-21,2,2002,12,30,20,16,07
23,55,0,35,1,2014,7,23,21,58,26
2,29,0,-35,6,2010,1,29,11,22,37
7,63,0,0,7,2000,12,11,22,01,42
8,20,0,14,5,2001,8,26,22,10,45
4,16,0,18,15,2005,6,20,23,37,23
6,98,1,1,4,2014,5,9,12,03,39
15,72,1,-17,5,2012,10,8,21,26,04
12,93,1,11,0,2009,7,13,23,48,10
17,71,1,1,3,2011,10,5,04,38,11
20,13,0,-6,13,2022,9,17,20,02,19
8,50,0,1,2,2002,10,5,11,45,55
22,36,0,3,2,2007,11,12,22,39,28
1,90,1,-8,9,2005,12,20,21,24,31
13,69,0,-9,2,2013,2,16,23,46,53
8,66,1,15,6,2021,3,15,04,36,53
12,41,0,18,5,2012,5,25,03,26,01
5,68,0,-12,1,2002,9,14,19,24,02
12,70,1,14,7,2009,5,2,09,33,00
3,71,1,-8,6,2005,12,22,20,43,32
0,66,0,-25,8,2015,2,26,01,51,09
5,44,0,15,0,2012,7,31,16,57,06
5,63,1,1,8,2016,4,5,16,03,44
10,61,0,-7,4,2006,4,11,11,20,35
0,77,1,13,5,2003,3,15,10,15,10
3,78,1,-10,9,2018,4,10,01,26,49
13,27,0,6,4,2000,9,19,19,16,31
7,69,0,-4,5,2023,2,15,02,50,37
12,99,1,33,5,2021,8,1,21,20,39
8,8,0,-17,11,2019,11,5,06,54,38
9,77,1,-2,5,2005,12,25,01,17,52
24,61,1,-30,7,2002,2,18,05,01,38
20,99,0,-8,9,2011,3,29,17,42,27
19,78,1,39,1,2006,8,27,23,47,02
0,93,1,-4,3,2003,4,4,11,24,13
1,98,0,-8,4,2003,2,1,18,01,50
12,23,0,16,6,2016,5,13,01,18,46
17,67,1,-17,8,2012,12,16,19,37,08
25,80,0,13,4,2015,7,26,16,49,31
2,34,0,35,3,2000,7,8,21,11,56
4,81,1,21,2,2002,8,23,12,49,31
21,71,1,-26,3,2012,2,10,18,27,16
22,95,1,-10,9,2003,10,13,18,35,27
19,14,0,-17,15,2013,2,21,09,59,09
18,90,1,2,5,2015,5,17,19,19,27
23,73,1,-18,5,2022,10,14,18,01,13
7,76,1,-10,6,2022,4,7,18,31,10
22,92,1,-28,5,2014,1,14,12,08,56
8,86,1,5,3,2016,11,12,16,38,00
14,80,1,-26,3,2015,1,30,12,05,03
2,55,0,30,1,2013,8,21,01,05,52
0,74,0,1,7,2007,11,5,22,19,49
12,6,0,-4,12,2006,10,29,05,01,10
19,86,1,31,1,2005,8,29,18,29,01
11,49,0,-3,7,2002,10,13,01,12,40
25,94,0,6,9,2014,9,14,14,59,23
11,12,0,-14,15,2000,12,20,15,55,21
1,79,1,13,8,2017,8,13,06,28,59
1,87,1,-16,6,2014,11,28,16,32,10
1,84,1,-30,1,2010,12,18,13,38,05
16,77,1,-16,9,2013,9,14,14,31,58
2,68,1,39,8,2002,8,1,11,28,03
22,81,0,-15,10,2010,2,18,22,24,19
15,33,0,-10,10,2009,9,19,03,39,20
7,49,0,26,4,2010,7,18,07,21,37
12,80,1,26,8,2010,7,16,17,04,03
5,78,1,15,6,2008,4,12,08,58,33
25,50,0,-29,6,2006,12,29,20,07,33
22,56,0,-23,10,2004,1,10,12,56,02
12,72,0,-4,5,2010,9,19,13,51,06
13,78,1,-13,10,2009,9,18,22,36,03
24,84,0,6,2,2006,11,9,03,31,53
7,89,1,7,6,2019,5,23,22,33,17
19,69,1,-8,6,2008,12,21,05,38,20
12,93,1,21,5,2007,5,22,01,44,33
9,25,0,-8,9,2006,11,30,18,47,25
6,63,1,39,9,2007,6,1,16,29,48
23,88,1,-9,8,2011,5,12,11,15,00
23,34,0,13,9,2004,4,30,05,07,44
16,99,1,-35,9,2016,1,26,20,27,20
14,86,1,-7,0,2002,4,8,08,12,41
20,64,1,1,6,2011,4,16,15,40,24
17,89,0,-28,7,2011,2,26,23,41,33
8,88,1,-18,9,2003,10,20,23,57,03
14,90,1,28,5,2008,8,12,11,33,57
4,54,0,-9,6,2010,3,22,17,34,19
18,92,0,25,5,2022,8,5,19,37,49
20,88,1,-2,2,2021,10,23,22,23,19
5,60,1,-3,6,2006,1,30,15,57,51
5,13,0,-21,13,2012,12,2,12,56,26
19,98,0,-14,4,2018,9,15,14,15,56
3,51,0,-7,0,2021,3,11,16,53,10
22,97,0,25,10,2009,4,25,17,58,03
4,61,1,11,8,2019,8,29,07,33,49
19,29,0,-17,10,2002,9,13,19,58,38
20,90,0,8,7,2012,11,9,22,11,07
0,85,0,3,5,2018,4,12,15,10,34
11,91,1,15,9,2014,8,19,15,45,01
20,70,1,6,9,2005,11,24,01,08,49
19,82,1,9,5,2016,5,20,21,43,29
12,82,1,-13,8,2018,2,3,20,52,34
11,81,1,18,0,2008,5,23,12,07,23
15,91,1,-3,4,2009,2,11,17,48,07
19,100,1,-14,3,2003,1,21,22,55,32
25,75,1,36,3,2008,6,4,19,03,02
12,71,0,10,1,2002,9,19,17,14,36
2,71,1,22,5,2011,4,11,06,23,09
20,96,0,-21,8,2020,1,26,16,41,35
11,73,1,-16,4,2017,10,4,06,40,47
23,89,1,38,3,2020,7,13,10,04,44
18,81,1,18,0,2016,3,1,21,07,48
21,70,0,-1,1,2007,2,2,08,03,05
23,72,1,21,2,2021,8,19,09,47,00
9,45,0,-16,1,2008,11,26,10,19,58
4,58,0,29,1,2007,8,8,01,09,36
7,81,1,-10,2,2010,12,27,23,48,35
19,86,0,18,2,2000,5,6,02,54,25
23,59,0,39,6,2015,7,19,05,06,19
25,85,1,16,3,2021,4,29,13,23,39
4,20,0,2,0,2000,9,2,06,01,56
12,61,1,12,10,2020,4,12,06,10,53
19,15,0,-7,15,2006,1,26,18,55,33
17,46,0,-13,4,2002,10,2,05,33,28
24,75,1,-5,4,2015,5,7,04,30,17
21,24,0,28,2,2017,6,14,06,21,22
3,16,0,9,12,2015,11,10,04,55,48
14,76,1,12,9,2001,6,2,14,05,57
25,7,0,-2,10,2016,5,24,20,53,49
8,68,0,-14,6,2006,9,28,03,08,46
5,95,1,-10,7,2015,2,27,18,40,16
7,76,1,24,5,2019,8,12,13,59,19
5,85,1,1,3,2000,11,25,21,03,37
18,88,1,-13,5,2001,10,30,02,15,21
1,49,0,-24,8,2020,1,23,20,47,47
23,46,0,39,0,2008,8,12,20,46,12
2,2,0,-17,11,2017,9,13,22,07,41
3,90,0,0,8,2018,11,17,05,39,29
12,49,0,-21,3,2023,2,27,23,46,45
10,95,1,-20,8,2001,9,24,14,22,08
14,97,1,19,0,2014,7,16,02,21,36
12,89,1,8,5,2008,9,22,13,12,43
14,38,0,11,4,2020,8,17,22,02,41
9,8,0,2,13,2012,9,6,20,16,57
14,80,1,11,8,2006,5,6,00,58,29
10,73,1,11,4,2002,7,24,07,10,41
25,98,0,-19,2,2012,12,3,00,07,21
3,85,0,-8,6,2021,5,2,09,13,39
20,0,0,1,14,2021,11,19,00,42,30
20,76,1,10,4,2004,8,24,10,15,36
14,79,1,12,10,2020,4,4,23,10,57
9,75,0,15,8,2018,6,30,14,43,59
23,74,1,30,7,2021,7,13,10,29,30
19,80,1,1,5,2012,3,26,16,11,56
11,92,1,26,6,2022,8,13,18,22,53
9,60,1,-16,5,2015,11,25,12,37,54
21,98,1,6,7,2011,4,17,08,19,13
18,73,1,4,8,2003,4,23,05,48,47
0,74,0,16,0,2011,6,20,09,45,03
18,72,1,-4,2,2018,11,10,02,43,03
7,61,1,10,4,2002,7,11,15,29,20
0,53,0,40,7,2015,8,26,17,37,32
16,67,1,-5,1,2002,3,15,21,37,52
19,93,1,4,5,2005,5,5,04,12,52
10,40,0,20,2,2005,7,28,21,18,33
17,84,1,22,1,2017,7,17,11,15,01
14,67,0,3,4,2020,11,20,12,43,37
19,99,1,-11,3,2021,11,1,00,07,29
18,4,0,38,10,2006,8,23,16,40,42
22,64,1,-4,9,2009,3,10,03,41,40
20,65,1,13,9,2020,4,25,00,04,38
0,71,1,20,7,2022,4,18,16,01,31
9,32,0,-5,8,2005,9,27,05,26,34
11,87,1,-12,10,2006,1,11,04,52,04
7,100,1,13,9,2005,7,17,09,04,16
2,92,1,-9,0,2013,4,13,15,24,30
14,2,0,-10,12,2000,1,21,08,49,44
17,99,1,-20,8,2017,10,23,02,39,36
21,83,1,-15,9,2021,11,30,07,37,17
16,40,0,-2,6,2018,2,22,02,44,31
1,43,0,-22,1,2008,2,10,03,22,16
19,93,0,-32,9,2011,12,20,00,37,12
11,60,1,5,8,2004,4,5,22,22,21
14,98,0,-14,3,2006,12,22,22,11,40
6,85,1,25,0,2007,7,11,15,54,54
24,71,0,29,6,2022,7,16,16,54,50
13,98,1,25,5,2005,7,14,16,29,57
16,42,0,13,3,2011,8,16,14,31,55
20,70,1,-31,6,2015,12,10,06,15,35
13,53,0,23,4,2002,3,27,05,17,44
24,91,1,14,6,2001,8,1,14,08,41
25,71,0,23,0,2022,5,6,06,58,33
2,20,0,25,3,2022,3,19,19,21,31
7,37,0,-19,9,2001,1,20,23,58,55
0,68,1,22,4,2016,3,2,08,36,15
0,63,1,-30,10,2010,12,1,21,42,22
9,54,0,-5,1,2009,10,14,21,34,46
25,76,1,21,7,2017,3,1,01,53,57
3,76,1,-32,8,2010,2,14,14,50,01
21,48,0,4,6,2003,10,21,06,56,15
21,95,1,10,9,2000,7,9,02,18,04
6,86,1,28,9,2013,6,24,13,29,40
19,70,1,4,5,2012,4,11,18,35,37
17,81,1,39,0,2013,7,23,19,41,33
13,87,1,-20,0,2006,2,6,13,04,36
25,68,1,-4,8,2008,4,16,07,10,04
18,88,0,-15,0,2001,10,8,07,27,35
10,7,0,-1,11,2017,11,20,12,08,23
24,5,0,-10,15,2010,2,7,18,53,26
10,62,0,18,10,2000,6,4,09,28,26
13,76,1,18,7,2018,6,1,00,15,26
16,12,0,-10,15,2006,3,28,18,03,10
3,55,0,12,9,2000,6,16,08,36,04
1,83,0,-10,7,2000,12,9,21,44,23
22,91,1,0,3,2012,9,2,19,59,10
9,90,0,33,8,2011,7,23,22,52,08
5,10,0,-11,14,2020,11,18,01,50,40
5,7,0,18,15,2006,4,2,01,24,39
22,36,0,32,3,2015,8,14,09,57,56
6,96,1,-33,0,2002,1,4,02,23,23
23,100,1,9,7,2008,10,21,03,59,18
18,61,0,29,1,2016,6,8,02,59,04
11,77,0,-1,6,2009,5,4,13,52,44
10,26,0,-12,5,2005,12,4,17,21,48
24,76,0,-28,1,2004,12,15,20,06,39
22,74,1,-23,7,2000,1,30,18,30,41
9,66,1,5,10,2020,4,27,16,16,30
16,73,1,-14,4,2016,2,18,11,25,40
14,4,0,-8,11,2002,1,5,08,39,16
18,81,1,-7,5,2022,2,14,13,41,57
16,55,0,-5,7,2007,10,2,17,24,05
2,70,0,4,10,2023,3,4,06,39,30
2,32,0,-6,9,2013,1,25,20,05,19
4,1,0,13,13,2002,7,6,09,51,03
1,47,0,20,0,2016,7,2,21,08,05
18,38,0,-18,0,2021,9,12,10,40,07
22,36,0,14,10,2021,7,23,23,28,22
7,100,1,7,9,2001,11,26,13,22,59
4,37,0,-22,7,2002,12,11,20,28,15
20,0,0,4,13,2015,10,15,03,04,41
9,46,0,9,4,2009,5,18,01,06,43
5,29,0,-13,10,2006,10,19,22,40,40
11,91,1,-8,7,2016,2,1,02,28,44
4,63,1,2,0,2014,9,10,18,56,27
16,85,1,18,6,2009,7,12,15,10,11
13,98,1,7,3,2022,10,26,06,29,03
14,50,0,-15,8,2021,10,4,19,07,46
25,95,0,0,3,2018,4,19,11,18,13
14,93,1,-28,1,2019,12,9,06,32,37
15,92,1,27,0,2002,6,30,16,23,34
15,90,1,-33,7,2012,12,5,17,44,32
21,28,0,20,10,2003,6,20,06,09,58
23,6,0,35,14,2000,8,12,21,28,35
1,43,0,-3,0,2013,4,12,02,14,46
17,57,0,25,0,2020,3,3,09,13,08
10,5,0,38,15,2016,6,16,10,00,31
9,71,1,22,9,2001,8,22,02,08,57
19,69,1,-6,5,2007,1,2,14,32,00
15,75,1,-24,5,2004,1,7,11,17,19
5,84,0,21,4,2003,6,4,18,28,36
18,62,0,16,1,2021,5,30,20,06,13
8,22,0,30,3,2010,7,19,02,14,41
5,71,1,16,0,2012,7,7,16,45,09
12,66,1,3,0,2005,3,12,09,53,05
5,79,0,-30,1,2012,12,3,19,42,20
1,14,0,-12,10,2018,2,12,21,09,51
4,73,0,4,10,2022,10,7,09,37,55
20,93,1,34,6,2013,8,26,20,48,32
0,78,1,33,10,2016,8,28,21,31,18
7,78,1,26,6,2002,7,4,12,31,51
12,93,1,26,8,2004,8,21,06,37,17
4,97,0,-3,3,2015,2,1,11,44,09
23,52,0,-17,9,2005,1,28,22,04,10
1,98,1,-1,10,2020,4,5,01,24,23
10,16,0,-15,12,2019,9,16,13,27,29
8,100,1,-17,9,2014,12,8,14,30,20
7,75,0,16,7,2015,7,17,20,07,07
12,48,0,-34,8,2000,12,14,11,28,24
21,4,0,8,13,2018,5,12,13,49,54
15,81,0,17,3,2015,7,18,19,17,05
25,65,1,7,2,2009,5,30,13,36,29
24,84,1,13,9,2005,7,7,20,38,45
6,42,0,-9,1,2017,4,14,12,09,52
3,70,1,18,6,2001,4,9,13,53,12
11,82,1,0,10,2014,3,30,15,03,14
17,99,1,2,7,2002,10,15,00,23,13
20,39,0,37,5,2006,8,15,04,12,11
2,78,1,-25,9,2021,2,4,02,27,34
14,75,0,28,5,2017,8,18,08,23,36
21,94,1,-12,5,2013,1,7,05,00,16
1,98,1,37,6,2019,7,9,14,41,07
2,38,0,20,4,2007,6,2,16,18,19
23,60,1,-16,2,2009,10,10,13,58,34
11,73,0,10,6,2002,4,27,23,35,16
1,96,0,-12,10,2000,10,30,18,13,28
7,81,1,5,1,2008,10,23,02,33,04
16,93,1,-2,3,2022,9,7,17,33,03
15,68,1,10,4,2008,10,14,18,32,25
0,99,0,-19,3,2023,2,22,04,24,28
25,70,1,40,8,2012,8,25,16,39,58
2,99,0,-13,6,2006,9,20,13,49,43
12,8,0,-8,11,2014,12,29,06,11,55
18,50,0,-2,3,2021,5,19,03,57,11
14,79,1,-9,10,2022,1,9,22,32,06
1,77,1,-21,8,2007,1,18,10,34,46
11,71,1,-16,4,2002,2,3,15,44,04
9,82,1,-3,10,2000,1,28,10,27,29
15,93,1,-29,3,2006,2,11,04,37,47
21,98,0,-9,8,2003,4,11,01,41,38
17,6,0,14,13,2007,3,27,20,06,11
1,91,1,15,3,2019,5,1,16,51,07
6,18,0,23,13,2019,3,11,18,01,59
15,59,0,21,1,2019,7,4,22,43,58
14,92,1,-17,7,2006,9,5,20,30,00
19,90,1,-9,8,2008,4,24,21,46,58
20,73,0,24,4,2005,8,26,20,33,44
4,92,0,-11,6,2007,2,28,23,55,11
25,3,0,-25,12,2008,12,9,02,46,10
25,65,1,-18,9,2023,2,22,21,14,02
22,53,0,-24,7,2001,12,24,22,31,21
9,35,0,-2,6,2017,9,12,10,09,25
17,14,0,15,15,2013,4,7,13,28,34
8,91,0,-20,8,2004,10,2,16,22,11
1,84,1,-1,3,2010,9,8,16,59,20
21,52,0,12,4,2007,7,9,05,33,44
0,64,1,0,4,2012,5,30,08,58,08
5,71,1,14,2,2018,7,24,19,37,25
1,86,1,4,3,2006,9,26,09,59,32
7,68,1,-16,6,2016,9,1,20,26,56
21,89,0,-24,10,2018,1,16,14,22,53
1,86,0,12,3,2007,6,20,02,45,28
4,82,1,30,2,2022,7,24,00,38,26
25,68,0,-16,8,2009,12,2,14,28,57
19,17,0,-12,11,2003,11,13,06,50,19
7,48,0,-5,0,2002,12,10,14,29,46
14,92,1,-1,1,2003,9,28,13,25,22
6,87,1,9,2,2018,10,1,07,06,53
5,24,0,-3,6,2009,10,12,03,15,04
8,31,0,-3,4,2018,3,16,05,44,15
12,42,0,-19,10,2013,11,22,07,53,21
15,7,0,-33,11,2010,1,4,14,07,05
20,15,0,-20,10,2006,10,5,00,39,05
18,61,1,-20,8,2008,10,28,11,14,09
24,90,1,1,2,2022,11,9,15,40,48
3,57,0,21,3,2001,7,9,23,13,25
17,60,1,2,8,2018,10,2,20,17,40
22,58,0,-19,1,2010,12,8,15,56,59
4,86,0,3,6,2021,5,4,09,34,34
24,99,1,7,5,2020,5,10,19,59,38
1,80,0,-8,10,2001,10,21,15,52,54
16,46,0,37,1,2016,8,12,13,16,57
7,90,1,-6,0,2002,12,8,09,15,54
3,92,1,-14,2,2023,1,24,10,30,20
16,88,0,-24,9,2010,2,12,13,41,49
10,23,0,14,0,2008,3,23,08,43,21
19,42,0,-3,0,2012,9,9,10,21,23
4,79,0,-24,3,2015,12,26,16,15,15
18,62,1,12,5,2000,5,4,08,29,13
11,86,0,-14,1,2020,10,8,19,20,29
21,74,1,-22,4,2019,1,26,08,17,54
6,96,1,-34,6,2007,12,2,16,27,58
9,65,1,-5,1,2001,11,12,10,10,18
5,87,1,-10,5,2002,4,3,22,34,30
23,61,1,-15,6,2022,9,8,20,41,09
21,31,0,17,0,2019,8,7,12,13,51
24,25,0,-7,10,2017,4,2,20,29,02
8,56,0,33,4,2004,6,26,09,09,19
5,79,1,21,4,2021,3,17,16,09,03
19,85,1,-7,7,2014,2,25,12,41,27
9,73,1,21,6,2002,3,18,00,26,57
21,85,0,-6,6,2002,4,3,23,35,14
19,27,0,-9,7,2019,4,8,18,30,39
24,78,1,17,9,2019,8,14,01,53,05
5,26,0,-16,6,2023,2,27,15,20,38
11,62,0,-2,9,2001,4,3,03,33,10
11,86,1,-8,1,2003,4,17,00,37,03
15,24,0,-13,1,2013,2,5,12,34,35
17,3,0,-6,14,2001,5,26,00,17,25
22,49,0,6,2,2014,9,23,04,00,21
5,64,1,2,3,2014,11,15,10,59,21
8,99,1,9,4,2015,11,18,10,18,57
20,70,1,-6,9,2015,10,1,08,10,09
2,80,0,-5,3,2016,4,9,23,37,38
2,72,1,-26,0,2004,12,8,01,18,05
23,66,1,29,6,2000,7,29,04,30,30
20,34,0,30,9,2003,6,30,12,29,59
5,86,1,-16,7,2011,12,24,19,34,46
5,91,1,3,10,2015,9,4,03,09,15
12,93,1,-6,7,2007,3,25,17,52,39
24,93,1,24,3,2021,5,17,01,42,06
3,35,0,-1,3,2003,10,2,07,58,24
5,18,0,-9,14,2010,10,10,06,24,14
23,3,0,18,15,2006,4,1,23,39,48
1,97,1,-15,1,2021,10,28,15,52,00
4,74,1,-3,2,2002,5,24,05,51,57
4,85,1,-5,1,2004,9,20,03,08,21
6,70,1,27,3,2012,6,6,04,28,31
2,84,1,23,9,2008,7,25,18,51,20
9,76,1,16,8,2014,3,5,04,56,48
12,73,1,2,0,2006,4,9,03,18,22
14,79,1,-20,3,2020,12,11,21,38,50
24,75,1,5,8,2022,11,12,00,42,12
6,99,1,13,10,2005,6,29,14,58,23
12,61,1,14,0,2002,8,16,20,07,49
2,69,1,-11,1,2020,12,22,10,00,25
14,77,1,2,6,2016,5,8,20,47,05
24,90,1,24,10,2005,7,12,06,14,10
19,85,1,20,2,2019,7,9,00,48,26
16,16,0,10,10,2004,8,30,07,27,35
9,60,1,-24,2,2014,1,29,15,02,50
0,68,0,-7,2,2016,1,30,17,53,01
24,95,0,14,2,2000,5,29,01,46,20
5,56,0,-3,2,2005,1,6,14,07,56
22,9,0,25,14,2019,8,2,03,08,50
7,78,1,-19,0,2003,2,19,14,08,20
11,85,1,-6,2,2008,1,12,10,05,04
22,79,1,27,2,2020,8,1,00,22,40
10,74,1,30,3,2009,8,27,03,58,54
7,76,1,29,2,2022,7,9,19,17,00
8,68,1,-29,2,2014,1,2,14,17,24
13,77,1,13,7,2012,6,7,00,22,02
7,68,1,6,2,2017,5,6,00,33,50
8,68,1,4,8,2020,4,6,14,31,47
23,90,1,-27,6,2000,2,14,05,49,13
13,21,0,-11,0,2019,2,26,23,51,27
20,70,0,39,5,2022,6,15,00,11,27
24,82,1,-10,2,2021,4,4,10,50,04
2,86,1,17,3,2003,3,31,15,30,46
13,86,1,22,3,2003,7,23,02,16,01
8,55,0,-17,5,2005,12,24,05,54,34
12,61,1,15,7,2014,5,25,15,49,22
10,84,1,20,5,2011,7,8,16,50,36
23,87,0,-28,7,2009,1,9,19,11,24
0,98,1,-28,5,2007,12,9,23,56,48
25,81,1,0,7,2021,3,16,01,57,17
23,96,0,-10,6,2007,1,21,23,44,45
17,74,1,28,4,2000,6,25,11,26,24
4,2,0,-19,15,2007,10,24,17,59,31
0,77,1,35,2,2022,6,20,16,59,28
19,22,0,-15,0,2021,12,17,23,47,48
11,99,1,25,1,2016,5,8,14,23,21
2,100,1,12,8,2008,6,10,17,13,28
21,96,0,17,2,2017,6,17,07,03,57
22,61,0,35,7,2013,6,21,17,21,53
13,77,0,24,8,2012,5,6,12,35,54
15,88,1,12,1,2011,7,28,14,44,36
21,96,1,-3,5,2010,1,18,14,11,58
4,42,0,17,5,2012,7,12,19,55,54
2,37,0,-4,10,2000,5,19,17,28,59
20,65,1,-14,4,2001,2,9,18,21,35
19,89,0,-10,3,2020,12,6,02,06,00
23,38,0,-4,8,2015,9,19,11,22,59
16,73,1,-10,2,2011,4,2,02,48,35
17,24,0,40,6,2003,7,5,14,06,19
8,35,0,-29,3,2015,2,15,23,18,18
2,68,1,15,1,2009,5,30,07,22,42
19,57,0,-6,1,2002,9,22,05,10,22
25,64,0,-2,0,2020,12,22,15,34,58
1,83,1,-8,7,2008,10,7,12,38,47
7,70,1,-1,4,2007,11,1,00,11,51
13,27,0,-14,7,2005,1,22,02,40,42
0,78,1,14,10,2010,8,12,07,51,34
15,95,1,19,2,2008,4,12,12,39,57
2,81,1,15,9,2020,6,6,16,56,17
22,62,1,-20,1,2008,10,5,14,47,45
4,72,1,27,2,2016,7,3,22,02,57
9,60,0,-10,8,2014,3,17,16,51,00
13,93,1,11,8,2012,8,14,12,22,33
25,100,1,-15,0,2008,10,23,08,30,25
23,96,0,31,3,2013,8,21,06,14,46
25,86,1,5,10,2004,11,4,20,22,22
9,81,1,12,0,2001,4,21,07,28,58
3,57,0,-7,1,2018,12,18,06,26,52
21,77,1,39,3,2010,6,14,11,51,44
25,90,1,40,7,2014,6,4,21,48,52
21,65,1,34,10,2007,7,12,11,28,11
0,89,1,12,8,2014,6,29,14,15,38
19,87,0,15,5,2017,3,1,02,45,49
17,60,0,-28,2,2008,12,15,14,33,55
9,28,0,14,8,2011,8,11,17,10,41
15,95,1,-4,4,2012,9,25,13,28,26
8,30,0,2,9,2019,11,14,02,09,10
2,13,0,-8,14,2008,9,6,04,00,22
11,71,1,-13,0,2005,2,25,08,35,30
2,57,0,32,2,2011,8,30,00,16,42
21,52,0,-18,5,2000,9,24,03,16,23
11,85,0,-8,0,2009,1,23,08,58,13
20,77,1,13,7,2018,7,15,19,07,16
4,93,1,29,8,2010,6,6,06,31,43
21,97,1,7,5,2011,3,8,01,12,43
0,76,1,23,9,2019,3,30,17,17,08
12,42,0,22,7,2011,3,24,15,22,35
17,81,1,17,8,2021,3,14,20,14,39
19,68,1,-3,4,2014,2,3,03,21,34
24,61,0,-7,10,2008,5,27,17,03,51
9,75,1,13,10,2019,7,4,12,18,35
8,63,0,-33,8,2016,12,1,10,04,11
1,56,0,2,1,2017,10,30,08,59,35
1,6,0,6,11,2020,9,2,00,12,46
7,83,1,-3,10,2020,12,13,18,25,39
19,96,1,22,2,2014,5,19,14,31,11
19,86,0,-10,3,2009,10,27,08,39,27
2,39,0,13,0,2001,7,8,21,38,02
20,43,0,35,8,2019,7,3,10,06,16
4,73,1,-6,0,2004,2,9,02,51,55
7,95,0,-4,1,2020,12,23,08,53,35
10,73,1,32,1,2015,8,8,19,06,50
2,54,0,19,10,2014,5,11,10,07,03
0,85,1,-5,6,2015,2,1,01,15,28
8,28,0,-17,3,2021,9,22,20,05,26
11,74,1,-32,5,2005,1,18,20,36,21
23,82,1,-28,7,2006,12,24,16,50,03
2,86,1,18,3,2002,5,24,08,43,52
20,82,1,30,2,2016,8,24,02,52,32
6,77,0,-13,10,2014,2,27,14,33,04
9,99,1,-10,9,2006,3,7,11,57,15
7,40,0,19,1,2012,8,16,08,56,52
20,84,0,-6,9,2013,12,29,23,56,51
19,90,0,20,7,2015,6,24,09,41,03
11,50,0,37,6,2020,6,21,02,52,05
13,97,1,11,6,2016,4,2,10,48,46
7,61,1,8,6,2016,10,29,10,26,50
24,21,0,-12,9,2007,12,24,06,11,25
12,66,0,19,2,2003,6,20,12,12,07
1,81,1,0,7,2000,5,4,05,23,45
24,63,1,7,5,2015,3,15,01,32,55
4,74,1,-35,5,2015,2,5,11,57,23
14,97,1,-4,10,2017,10,24,11,05,26
12,69,0,15,1,2015,8,30,10,58,00
7,94,0,-14,1,2010,9,10,23,34,27
3,99,1,-3,10,2006,12,26,00,02,26
18,97,1,-5,3,2001,9,15,19,57,47
0,89,1,2,7,2017,5,2,20,09,19
0,100,0,-11,0,2006,11,17,13,53,45
22,60,0,-8,9,2014,1,18,10,46,41
22,97,1,1,0,2022,3,10,15,54,36
14,8,0,-32,13,2014,1,18,06,58,34
14,24,0,-9,6,2010,11,7,02,06,04
1,92,0,-31,5,2015,1,30,11,56,54
25,64,1,39,1,2014,7,11,09,36,34
14,87,1,-2,6,2014,4,6,14,42,09
24,46,0,1,9,2019,9,17,05,50,45
2,74,0,-6,1,2007,9,3,20,18,50
2,64,1,1,2,2015,3,12,18,15,01
24,96,1,-11,2,2001,12,10,13,51,13
2,59,0,18,9,2020,7,22,13,58,27
25,78,1,11,5,2020,5,4,03,45,06
2,69,1,-16,3,2017,2,21,01,02,07
18,24,0,22,9,2018,4,18,17,02,06
5,97,0,10,3,2013,10,7,23,54,26
3,87,1,0,8,2015,3,15,12,47,30
25,89,0,-10,1,2010,3,6,08,25,59
4,5,0,5,13,2008,4,14,20,06,34
21,63,1,-19,2,2000,1,22,07,46,06
1,90,1,11,0,2006,5,7,09,37,20
18,72,1,-13,5,2010,1,3,10,14,28
22,89,1,11,0,2019,3,2,04,32,46
25,92,0,-21,7,2017,1,31,21,55,36
14,75,1,24,5,2014,6,5,04,36,08
10,100,1,-7,0,2008,12,21,14,11,07
1,70,1,38,3,2012,6,21,21,22,59
15,74,0,21,1,2010,4,26,00,29,07
23,70,0,4,1,2004,10,22,16,46,50
6,62,1,-34,7,2006,12,24,11,36,48
4,90,0,-13,9,2011,12,8,05,28,25
11,85,1,5,9,2016,10,31,12,58,07
22,57,0,-6,5,2000,1,17,15,02,29
17,17,0,30,15,2019,6,24,09,58,58
14,70,1,40,7,2010,6,8,02,32,38
5,23,0,-15,10,2019,9,9,07,58,19
4,69,1,-15,3,2022,11,19,06,51,27
15,85,1,-3,3,2008,12,10,08,19,30
23,80,1,-10,3,2013,3,28,04,16,59
6,90,1,10,0,2015,10,19,05,56,02
2,76,1,-35,3,2000,1,27,17,36,19
15,88,0,25,1,2006,4,30,15,16,20
22,13,0,-20,10,2003,2,6,23,55,02
23,60,0,24,4,2000,6,3,02,56,33
13,53,0,-14,10,2012,12,17,16,27,39
14,98,0,8,2,2001,5,1,16,36,12
10,82,1,-11,3,2022,9,28,06,31,32
6,42,0,-2,8,2004,3,27,05,33,20
8,47,0,14,2,2006,4,14,08,36,08
1,91,1,14,6,2011,8,17,08,58,38
15,66,1,-5,3,2015,9,26,06,01,38
10,89,1,-1,9,2013,1,5,01,51,22
22,87,0,29,5,2014,6,7,19,26,43
22,95,1,6,5,2019,11,20,12,03,33
2,62,1,0,5,2014,3,2,18,18,13
13,81,1,23,10,2009,8,15,22,29,45
25,50,0,2,5,2019,9,9,15,40,23
2,100,1,6,0,2001,9,10,13,25,47
19,50,0,-7,1,2013,11,21,23,37,04
4,25,0,3,6,2013,9,28,03,38,09
5,85,1,10,0,2011,7,17,12,06,29
2,0,0,29,15,2007,7,18,17,28,55
3,62,1,0,0,2017,9,10,04,00,41
1,27,0,-12,1,2015,2,9,01,18,52
15,74,1,-19,5,2005,2,1,20,29,56
0,93,0,-4,2,2009,12,13,22,20,58
9,29,0,-30,2,2021,2,18,20,29,05
5,41,0,-5,4,2001,1,12,09,08,32
16,50,0,-5,7,2002,5,25,12,59,00
4,88,1,-8,8,2012,9,24,01,24,13
20,84,1,19,7,2011,4,8,06,07,34
5,73,0,20,7,2013,8,16,14,25,04
24,62,0,-9,2,2012,2,24,01,31,02
2,82,1,-12,8,2005,12,31,19,39,44
10,20,0,-8,5,2011,9,5,11,26,29
0,72,1,-24,8,2022,12,1,08,10,29
17,60,1,-13,2,2001,1,30,15,06,53
3,93,0,-28,9,2016,2,9,21,01,18
11,65,1,2,0,2009,11,4,22,29,42
12,3,0,10,11,2012,9,16,07,36,47
25,96,1,8,2,2019,5,17,18,10,31
24,48,0,-9,5,2004,5,15,20,50,41
8,24,0,-13,0,2022,9,16,15,56,28
2,51,0,7,3,2022,5,22,22,14,41
8,84,0,-22,5,2018,2,10,12,05,45
7,45,0,13,5,2007,4,12,18,31,43
16,80,1,10,9,2004,3,12,21,50,01
17,65,1,-13,4,2010,11,7,06,39,02
9,82,1,16,6,2010,3,18,05,27,21
4,45,0,-4,3,2022,9,7,14,14,53
23,60,1,21,3,2005,7,23,01,44,29
25,20,0,-33,7,2003,1,26,15,24,35
15,84,1,9,9,2014,9,26,00,15,20
13,40,0,8,10,2023,4,21,12,46,15
0,97,1,-35,5,2010,2,20,04,43,46
6,36,0,-9,8,2016,9,10,08,43,32
7,86,0,-10,5,2004,3,15,18,50,23
24,70,1,21,3,2004,6,4,05,34,34
14,6,0,-11,15,2001,1,18,07,41,24
9,8,0,8,13,2017,3,11,10,55,42
24,13,0,-4,15,2015,1,18,13,48,12
1,54,0,7,3,2011,10,16,19,12,12
9,96,1,-32,2,2015,2,18,17,19,15
3,47,0,20,0,2013,7,24,01,14,39
2,69,1,16,10,2008,6,29,03,53,27
22,84,1,8,3,2000,10,6,16,42,12
12,98,1,-17,1,2021,2,9,16,24,33
21,62,0,6,0,2005,10,15,20,17,47
0,9,0,-15,12,2002,2,4,05,14,29
25,80,0,30,6,2014,6,5,11,57,18
10,84,0,-32,9,2020,2,26,12,45,39
14,98,0,-12,9,2007,2,4,18,49,46
9,92,1,-5,10,2013,10,27,21,57,56
14,99,1,33,3,2004,6,17,00,33,55
23,79,1,-14,7,2000,10,22,07,35,16
3,76,1,-8,4,2000,3,14,15,49,03
9,61,0,-14,0,2000,10,23,01,38,22
2,82,0,18,8,2006,3,14,15,13,33
25,99,1,18,2,2001,8,5,04,58,23
3,87,1,-7,5,2020,10,11,10,48,06
17,62,1,12,10,2017,5,20,11,10,28
7,45,0,-3,1,2015,10,18,20,05,33
23,77,1,-19,7,2007,10,20,01,06,16
5,65,0,20,1,2013,5,25,12,33,10
13,71,1,5,6,2011,10,28,03,19,20
15,67,0,-20,6,2017,2,10,13,18,50
2,65,1,-9,1,2018,11,5,23,27,56
23,79,0,-4,7,2005,12,30,02,01,24
3,76,1,-1,2,2021,5,23,10,17,00
6,4,0,12,15,2005,4,17,02,42,12
21,77,0,9,5,2016,10,17,19,26,29
20,86,1,-6,0,2020,10,13,19,01,01
4,65,0,-27,9,2006,2,8,09,41,54
20,86,1,-31,4,2006,2,2,05,33,15
8,74,1,6,3,2018,11,27,07,40,49
15,66,0,40,6,2023,6,2,10,25,44
19,82,1,26,5,2010,7,1,12,18,01
3,8,0,25,11,2021,3,19,13,01,17
21,62,0,-9,1,2005,5,12,15,57,30
7,79,1,10,5,2003,9,2,03,49,29
14,31,0,16,10,2011,8,16,20,16,41
21,33,0,-3,1,2003,9,18,00,52,33
9,97,1,-10,3,2019,12,17,16,14,55
21,64,1,14,9,2016,7,31,01,27,10
0,94,1,13,8,2018,5,25,15,01,09
6,50,0,-8,5,2015,5,16,04,14,46
20,15,0,32,14,2002,8,10,21,06,29
18,27,0,23,6,2007,6,17,19,45,43
12,99,0,12,4,2004,7,7,16,03,42
3,88,1,37,4,2014,7,12,20,27,50
10,69,1,3,3,2017,3,26,23,47,47
5,96,1,25,7,2005,8,16,09,35,44
17,96,1,-13,10,2012,10,9,21,19,11
1,73,1,8,8,2004,9,21,11,26,38
10,3,0,33,14,2004,8,22,17,26,59
2,88,1,-8,2,2011,1,18,20,58,41
22,1,0,17,12,2002,5,24,15,53,22
16,79,1,0,4,2005,1,25,11,06,13
16,12,0,-1,10,2001,10,17,20,47,29
14,87,1,13,10,2012,3,25,17,24,29
13,65,1,-6,2,2014,12,16,20,33,33
22,62,1,-5,8,2010,3,3,20,32,44
23,73,0,-8,9,2016,9,12,07,47,48
10,43,0,-4,10,2020,12,1,01,53,09
19,12,0,15,14,2013,5,13,05,49,21
2,91,1,14,1,2013,8,5,22,10,06
5,10,0,-17,11,2013,9,9,10,18,53
2,18,0,-32,10,2003,12,8,06,03,48
18,59,0,7,6,2013,9,27,14,05,44
25,97,1,2,6,2000,10,24,03,57,35
6,63,1,-27,5,2016,1,31,08,43,21
23,76,1,4,1,2014,4,21,13,45,45
12,43,0,-19,3,2018,10,24,22,10,22
5,74,1,-27,10,2001,1,10,23,28,41
14,96,0,-18,4,2000,11,17,11,05,06
24,62,1,4,3,2008,3,10,06,30,03
5,73,1,-1,10,2008,11,30,22,58,42
3,84,1,-1,6,2007,12,17,04,19,53
2,95,0,13,1,2002,8,16,20,07,38
11,12,0,4,12,2002,4,9,02,17,55
23,65,0,13,6,2013,5,1,14,01,08
14,90,1,18,10,2009,7,11,00,39,24
9,93,1,-2,6,2009,11,25,11,13,15
10,60,0,4,6,2020,10,28,18,31,49
19,95,0,-28,9,2008,2,25,16,11,58
13,73,1,14,4,2012,6,22,01,59,44
9,71,1,19,10,2010,8,9,23,31,53
6,66,1,19,9,2023,6,8,19,11,35
22,89,1,-1,1,2005,2,6,05,04,16
10,74,1,18,5,2008,8,4,23,33,54
22,48,0,-12,2,2016,9,17,07,12,03
13,2,0,7,10,2016,4,17,12,06,48
23,9,0,-3,14,2015,11,18,02,22,34
12,70,0,10,0,2018,6,7,19,05,28
22,82,1,-21,0,2003,2,5,18,33,41
20,87,0,29,0,2017,6,1,08,35,13
20,72,1,-34,1,2014,2,22,11,35,41
22,65,1,38,5,2004,7,4,14,54,37
22,11,0,-7,13,2022,1,18,09,01,46
18,77,0,12,3,2011,4,5,07,26,17
20,59,0,-4,4,2002,5,6,23,16,53
19,82,0,0,9,2012,3,31,18,53,28
15,100,1,9,1,2008,4,9,06,29,57
14,74,1,-20,4,2018,12,16,04,33,10
5,64,1,31,0,2007,7,22,10,27,38
24,69,0,-11,5,2013,2,17,07,04,48
9,68,0,-4,8,2008,2,14,19,21,30
22,87,0,-33,3,2010,12,2,10,57,39
12,79,0,-7,5,2012,2,8,06,23,32
10,28,0,-7,4,2008,2,1,22,45,57
3,87,1,29,7,2012,6,22,00,05,02
13,2,0,-20,15,2005,12,7,00,01,06
2,83,1,-35,1,2012,12,10,21,53,09
9,7,0,-20,13,2004,11,6,02,36,51
14,55,0,-11,9,2006,2,7,07,34,59
18,82,1,-16,5,2007,9,12,08,30,17
9,82,1,20,8,2007,6,25,19,33,48
20,96,0,2,5,2011,11,4,07,20,39
9,72,1,14,4,2022,4,9,19,53,22
6,49,0,-16,5,2001,10,24,01,39,54
19,67,0,13,0,2014,7,21,16,18,51
15,71,1,-14,5,2000,11,20,07,53,08
14,91,1,-17,4,2013,9,26,05,17,09
0,62,0,-11,8,2011,9,29,05,51,27
23,40,0,27,5,2001,8,9,02,53,21
10,84,1,-20,6,2016,11,10,17,53,42
22,96,0,-6,5,2020,9,17,01,11,35
25,92,1,-10,9,2012,4,19,00,41,58
11,71,1,-8,6,2019,11,15,05,07,38
19,19,0,24,15,2015,6,18,08,40,25
2,19,0,-5,10,2005,4,12,10,54,56
7,69,0,1,1,2020,9,9,07,12,11
3,81,1,16,7,2016,7,11,13,51,38
22,6,0,14,14,2011,8,4,08,04,33
17,93,1,3,1,2016,5,7,21,21,40
23,93,1,-9,1,2003,3,18,05,00,43
23,82,1,21,9,2000,4,22,07,47,07
3,86,1,10,10,2017,6,27,15,14,00
4,81,1,-22,0,2006,2,1,17,09,43
18,96,1,0,10,2013,2,6,06,59,56
0,60,1,-8,0,2015,9,28,00,40,26
2,98,1,-32,4,2012,2,27,07,40,32
21,96,1,30,7,2011,8,17,18,40,48
1,87,1,-22,2,2005,2,12,23,58,28
22,95,0,-20,0,2022,9,18,19,23,34
13,14,0,-15,13,2017,2,28,08,05,08
2,69,1,-20,8,2020,1,27,15,09,02
21,67,1,-22,5,2013,2,20,20,50,05
7,51,0,36,8,2003,6,21,07,52,44
6,50,0,-34,4,2004,12,1,02,14,16
5,63,1,-18,3,2005,10,28,13,05,20
11,80,0,23,5,2012,8,23,13,02,19
21,63,1,-28,7,2016,2,18,20,21,56
21,89,1,3,1,2010,5,30,05,13,30
3,66,1,31,9,2012,8,17,19,27,33
23,78,1,-2,0,2014,3,2,17,24,59
3,39,0,-21,4,2000,12,16,06,21,47
3,89,0,-14,7,2006,2,5,23,37,53
18,64,1,0,5,2004,5,8,20,53,41
1,74,1,-2,6,2017,9,7,11,00,22
20,77,1,-35,1,2007,1,18,16,11,17
10,94,1,5,7,2009,10,3,02,00,33
20,78,1,-35,3,2016,12,25,00,43,39
5,95,1,-9,5,2010,12,25,16,36,04
15,66,1,-23,10,2015,1,12,20,54,35
16,54,0,-2,7,2004,10,4,14,06,27
8,76,1,-7,0,2015,9,2,21,52,02
25,74,0,-10,0,2003,11,30,04,45,16
25,23,0,-35,10,2000,1,18,20,14,51
0,76,0,0,4,2023,4,4,06,50,42
0,55,0,17,3,2016,7,3,13,34,14
5,94,0,11,3,2009,7,9,16,09,17
23,86,0,23,0,2022,3,26,21,11,50
20,68,1,-16,0,2005,2,13,04,17,01
11,64,1,-5,4,2011,2,8,16,46,56
16,17,0,39,11,2016,8,12,23,51,38
21,90,0,6,10,2021,9,6,04,48,35
19,58,0,7,0,2015,4,1,08,17,26
6,77,1,3,3,2008,4,23,16,08,59
18,76,1,7,3,2006,4,29,05,06,58
10,41,0,-1,2,2008,5,14,22,04,11
20,97,0,-8,10,2002,9,5,22,28,06
3,40,0,35,0,2017,7,4,17,34,34
21,61,1,15,3,2011,7,16,22,09,41
11,39,0,-16,8,2005,9,10,13,22,12
5,89,0,-21,5,2017,1,15,12,21,27
14,99,1,40,6,2001,6,13,02,16,26
4,94,0,10,5,2005,11,30,16,47,30
2,15,0,19,11,2011,8,10,10,44,17
1,74,1,13,5,2012,7,14,10,05,02
25,81,1,-2,10,2001,11,7,09,59,45
20,65,1,-10,8,2014,1,11,13,45,41
10,65,0,26,5,2020,8,22,10,54,45
1,81,1,1,9,2009,11,2,14,23,58
3,70,1,27,6,2000,7,31,10,57,50
13,97,0,-14,6,2017,12,23,17,08,02
11,21,0,32,9,2006,8,31,10,29,51
4,89,1,9,7,2022,5,11,18,03,23
11,72,0,-21,5,2023,1,2,13,49,36
6,61,1,10,4,2006,11,24,15,51,21
1,65,1,0,5,2004,10,13,18,51,21
18,65,0,8,3,2005,9,4,01,45,52
10,73,0,22,10,2001,8,31,10,26,02
17,87,1,3,10,2018,3,16,16,38,13
9,65,1,3,5,2015,10,22,18,55,48
4,41,0,8,10,2022,3,14,02,25,53
16,83,1,-15,9,2007,1,8,02,23,25
3,28,0,-16,3,2009,11,23,19,20,38
25,71,1,23,2,2016,4,23,15,23,31
15,0,0,-28,15,2008,2,7,07,18,39
14,23,0,-25,4,2000,1,11,22,07,25
7,95,1,-5,9,2020,4,18,22,26,48
4,73,1,7,7,2017,11,23,09,56,49
25,71,1,-16,0,2021,10,31,16,34,12
18,32,0,-24,8,2011,1,4,01,22,03
17,82,0,2,9,2007,4,21,14,59,55
4,73,0,-7,10,2005,11,22,22,46,28
5,87,1,33,7,2002,6,25,16,13,15
4,40,0,17,0,2010,7,14,18,38,38
6,57,0,37,9,2008,7,8,19,48,51
15,76,0,5,10,2018,9,22,20,01,31
17,53,0,-4,2,2008,9,29,02,39,15
24,93,1,-8,10,2011,2,3,22,08,50
23,9,0,34,13,2018,7,14,09,27,39
15,61,0,12,10,2015,8,11,13,20,52
0,25,0,-20,10,2023,1,2,13,54,12
2,100,1,11,9,2021,4,16,21,31,32
14,30,0,11,8,2010,5,18,14,06,33
5,91,0,-2,7,2015,4,24,07,43,26
2,8,0,0,11,2022,10,8,19,30,25
12,67,1,-4,4,2002,4,23,18,04,45
23,19,0,12,14,2009,8,4,03,33,16
20,82,1,15,9,2011,5,31,20,48,38
12,64,0,8,6,2004,3,1,12,17,17
3,72,0,20,0,2021,7,4,02,39,32
1,14,0,-9,12,2012,1,24,00,04,43
18,75,0,-9,4,2013,2,10,01,41,28
24,27,0,6,5,2011,10,11,04,41,20
19,88,1,-10,1,2003,12,3,04,24,56
20,84,1,21,9,2006,4,4,22,20,14
14,97,1,-28,3,2007,12,12,01,02,47
2,71,1,1,2,2017,11,24,12,06,29
1,35,0,1,3,2017,11,20,15,05,50
22,93,1,-10,8,2016,12,29,10,40,39
5,5,0,-11,15,2005,12,26,10,17,23
5,96,0,18,10,2016,8,4,01,24,17
24,91,0,25,6,2001,6,20,04,27,29
9,52,0,12,1,2008,3,3,20,15,17
0,33,0,-18,5,2003,1,22,06,41,33
14,58,0,-17,0,2010,10,16,10,16,42
5,78,0,-25,9,2001,12,10,07,45,57
11,77,1,12,9,2016,7,25,19,24,35
19,90,1,-10,8,2021,2,24,11,48,55
10,69,0,4,7,2000,4,10,07,48,41
24,19,0,-31,14,2005,12,20,23,38,57
16,60,0,11,3,2009,5,13,10,50,34
1,68,1,-3,5,2017,2,27,07,36,53
19,69,1,10,7,2015,6,22,18,20,19
15,98,0,-13,3,2009,11,26,08,14,41
12,36,0,1,5,2016,11,4,22,03,57
13,99,1,-14,2,2012,2,26,04,25,22
20,90,1,29,3,2007,8,17,00,31,22
24,97,0,21,9,2022,8,1,06,59,44
2,95,0,-1,3,2007,2,2,10,50,40
2,87,0,9,7,2012,9,23,14,24,29
4,85,1,40,8,2016,6,2,02,59,34
0,92,1,-26,4,2012,12,23,06,56,00
18,66,1,0,8,2013,10,12,06,52,53
24,89,1,-23,1,2008,1,13,17,16,09
17,31,0,27,1,2012,7,10,05,36,13
3,95,1,6,7,2001,3,14,11,08,18
9,19,0,29,12,2014,8,15,09,07,42
12,100,0,-10,5,2005,1,8,03,36,55
2,69,0,-14,0,2009,11,26,18,02,51
25,4,0,-2,10,2005,5,26,09,55,36
4,85,0,-7,7,2001,5,13,09,34,39
21,17,0,-11,10,2018,9,27,21,40,20
21,74,0,-35,6,2011,1,15,09,21,12
1,58,0,-3,1,2002,3,22,02,40,10
21,67,1,7,10,2003,10,22,02,01,36
6,86,1,17,10,2000,7,26,14,14,02
5,32,0,37,5,2017,8,6,00,15,40
23,68,0,31,1,2004,7,28,08,15,44
20,52,0,-25,10,2010,2,16,06,59,09
8,22,0,-20,1,2006,2,24,02,07,54
8,22,0,-2,4,2014,9,28,20,18,16
11,27,0,-7,3,2005,12,19,20,40,40
21,79,1,-14,2,2008,1,3,15,01,30
3,85,1,2,9,2008,3,13,15,02,35
24,38,0,2,6,2005,4,26,19,09,46
6,63,1,-24,1,2015,12,19,15,33,24
3,25,0,-17,9,2022,11,6,03,35,28
11,97,0,-1,6,2021,3,6,16,01,28
4,67,1,19,0,2023,3,8,19,46,17
4,65,1,29,9,2010,6,22,04,03,53
25,96,0,-3,4,2003,5,12,15,12,48
23,76,1,-34,6,2012,12,7,13,59,21
20,95,0,12,10,2011,7,1,19,28,25
0,81,1,25,8,2018,6,7,09,50,56
23,30,0,-19,7,2003,1,26,09,28,51
7,19,0,-3,12,2013,10,7,20,48,04
24,86,1,-3,1,2003,1,20,07,59,22
4,85,0,-32,4,2022,12,22,12,22,44
5,100,1,17,5,2011,6,8,15,04,02
8,89,1,-19,4,2010,10,31,19,20,03
23,38,0,-27,4,2018,1,30,12,46,35
16,42,0,18,4,2016,8,10,02,09,08
9,59,0,36,6,2021,8,29,11,16,03
21,24,0,-20,1,2007,12,30,11,05,33
19,68,1,31,9,2020,7,28,04,07,45
15,84,0,4,4,2005,10,27,05,30,19
23,94,1,-7,0,2013,9,18,23,22,36
5,13,0,18,12,2006,6,1,23,21,20
23,69,0,9,1,2016,3,26,06,23,34
3,61,1,15,4,2007,5,30,09,54,17
21,39,0,-1,7,2007,10,1,02,33,53
22,61,1,3,3,2011,4,22,05,40,02
23,76,1,22,7,2020,5,14,19,48,27
16,64,1,-3,6,2007,1,22,01,46,39
0,94,0,-9,0,2000,4,23,02,53,40
5,67,1,33,4,2006,6,9,11,07,27
2,71,1,-17,7,2018,1,27,08,28,17
8,89,1,31,10,2012,7,11,14,41,51
16,31,0,19,5,2010,4,9,09,34,24
3,96,1,-19,5,2021,11,21,20,37,17
25,99,1,11,2,2022,6,6,01,14,40
18,20,0,15,7,2010,4,4,08,28,26
1,87,1,22,0,2012,6,20,07,39,04
13,22,0,13,10,2015,8,9,04,10,14
19,18,0,27,11,2010,6,1,21,15,17
1,63,1,-6,9,2003,1,20,17,17,06
4,67,1,-6,4,2010,3,19,06,37,18
16,99,1,31,4,2009,6,2,13,15,30
17,83,1,-27,7,2021,2,2,20,02,03
7,95,1,8,1,2002,11,16,21,50,44
1,15,0,-30,12,2013,12,20,14,57,46
24,1,0,0,10,2009,10,6,14,54,12
20,5,0,34,10,2016,6,2,12,25,39
24,63,1,5,5,2019,11,15,00,17,13
10,85,1,8,8,2021,9,12,17,46,53
14,85,1,11,10,2009,8,23,06,38,10
22,69,1,10,9,2015,5,3,16,12,35
23,79,1,-9,8,2007,3,4,08,54,00
14,90,1,13,9,2017,6,11,00,48,19
19,87,1,5,5,2021,9,21,11,39,18
19,41,0,-6,9,2005,10,1,09,55,20
14,8,0,21,13,2019,7,25,23,00,29
15,3,0,10,14,2022,9,16,01,24,52
18,70,0,-14,1,2009,1,11,14,57,47
0,52,0,6,10,2018,10,8,13,11,51
23,41,0,32,0,2016,8,19,05,21,25
21,76,0,-18,5,2005,2,15,02,24,18
4,88,1,24,8,2012,6,29,00,55,54
